<?xml version="1.0" encoding="utf-8"?>
<extension version="3.1" type="template" method="upgrade" group="template" client="site">
	<name>GRUENE_T3_BS3</name>
	<version>0.0.1</version>
	<creationDate>January 2018</creationDate>
	<author>Arctur Internet Consulting GbR</author>
	<authorEmail>development@arctur.de</authorEmail>
	<authorUrl>http://www.arctur.de</authorUrl>
	<copyright>Copyright (C) 2018 - 2020 Arctur Internet Consulting GbR. All rights reserved.</copyright>
	<t3>
		<base>base-bs3</base>
	</t3>
	<description></description>
	<files>
		<filename>component.php</filename>
		<filename>favicon.ico</filename>
		<filename>index.html</filename>
		<filename>index.php</filename>
		<filename>thememagic.xml</filename>
		<filename>templateInfo.php</filename>
		<filename>templateHook.php</filename>
		<filename>template_preview.png</filename>
		<filename>template_thumbnail.png</filename>
		<filename>templateDetails.xml</filename>
		<folder>etc</folder>
		<folder>fonts</folder>
		<folder>html</folder>
		<folder>css</folder>
		<folder>js</folder>
		<folder>less</folder>
		<folder>language</folder>
		<folder>images</folder>
		<folder>tpls</folder>
	</files>
	
	<languages folder="language">
		<language tag="en-GB">en-GB/en-GB.tpl_GRUENE_T3_BS3.ini</language>
		<language tag="en-GB">en-GB/en-GB.tpl_GRUENE_T3_BS3.sys.ini</language>
	</languages>

	<positions>
		<position>languageswitcherload</position>
		<position>head-search</position>
		<position>mainnav</position>
		<position>navhelper</position>
		<position>topnav</position>
		<position>breadcrumbs</position>
		<position>off-canvas</position>
		<position>sidebar-1</position>
		<position>sidebar-2</position>
		<position>mast-col</position>
		<position>footer</position>
		<position>home-0</position>
		<position>home-1</position>
		<position>home-2</position>
		<position>home-3</position>
		<position>home-4</position>
		<position>home-5</position>
		<position>position-0</position>
		<position>position-1</position>
		<position>position-2</position>
		<position>position-3</position>
		<position>position-4</position>
		<position>position-5</position>
		<position>position-6</position>
		<position>position-7</position>
		<position>position-8</position>
		<position>position-9</position>
		<position>position-10</position>
		<position>position-11</position>
		<position>position-12</position>
		<position>position-13</position>
		<position>position-14</position>
		<position>position-15</position>
		<position>footer-0</position>
		<position>footer-1</position>
		<position>footer-2</position>
		<position>footer-3</position>
		<position>footer-4</position>
		<position>footer-5</position>
		<position>footer-6</position>
		<position>footer-7</position>
		<position>footer-8</position>
		<position>footer-9</position>
		<position>footer-10</position>
		<position>debug</position>
	</positions>

	<config>
		<fields name="params" addfieldpath="/plugins/system/t3/includes/depend">
		</fields>
	</config>

	<updateservers>
    	<server type="extension" priority="1" name="Offical GitHub Distribution">https://raw.githubusercontent.com/arctur-de/joomla-template-die-gruenen/master/update.xml</server>
	</updateservers>
</extension>
